"","x","y","group","foldchange"
"Loc1",0.908207789994776,0.398645695531741,"A",1
"Loc2",0.201681931037456,0.187911816174164,"C",1
"Loc3",0.898389684967697,0.477728241123259,"A",1
"Loc4",0.944675268605351,0.544234022730961,"A",1
"Loc5",0.660797792486846,0.328157980693504,"C",1
"Loc6",0.62911404389888,0.999930593650788,"A",1
"Loc7",0.0617862704675645,0.527781835990027,"A",1
"Loc8",0.205974574899301,0.133734508184716,"A",1
"Loc9",0.176556752528995,0.438540067756549,"A",1
"Loc10",0.687022846657783,0.620793939800933,"B",1
"Loc11",0.384103718213737,0.202912412118167,"C",1
"Loc12",0.769841419998556,0.134169772733003,"A",1
"Loc13",0.497699242085218,0.776833998039365,"B",1
"Loc14",0.717618508264422,0.635949848685414,"B",1
"Loc15",0.991906094830483,0.282136296620592,"A",1
"Loc16",0.380035179434344,0.191259456099942,"C",1
"Loc17",0.777445221319795,0.265536719933152,"C",1
"Loc18",0.934705231105909,0.530808792915195,"A",1
"Loc19",0.212142521282658,0.684860904002562,"A",1
"Loc20",0.651673766085878,0.383283393690363,"C",1
"Loc21",0.125555095961317,0.954987998353317,"A",1
"Loc22",0.267220668727532,0.118356580613181,"A",1
"Loc23",0.386114092543721,0.0391000553499907,"A",1
"Loc24",0.0133903331588954,0.504505032906309,"A",1
"Loc25",0.382387957070023,0.578482555225492,"A",1
"Loc26",0.86969084572047,0.839303907938302,"B",1
"Loc27",0.34034899668768,0.654444975312799,"A",1
"Loc28",0.482080115471035,0.944528339896351,"A",1
"Loc29",0.599565825425088,0.511657629627734,"A",1
"Loc30",0.493541307048872,0.0849210591986775,"A",1
"Loc31",0.186217601411045,0.994770509423688,"A",1
"Loc32",0.827373318606988,0.401444119866937,"A",1
"Loc33",0.668466738192365,0.895646296674386,"A",1
"Loc34",0.79423986072652,0.876858412055299,"A",1
"Loc35",0.107943625887856,0.296484797960147,"A",1
"Loc36",0.723710946040228,0.132591909728944,"A",1
"Loc37",0.411274429643527,0.265910907648504,"C",1
"Loc38",0.820946294115856,0.00572754279710352,"A",1
"Loc39",0.647060193819925,0.819601821480319,"B",1
"Loc40",0.78293276228942,0.174661678960547,"C",1
"Loc41",0.553036311641335,0.84308055206202,"A",1
"Loc42",0.529719580197707,0.16671216674149,"C",1
"Loc43",0.789356231689453,0.76401943503879,"B",1
"Loc44",0.023331202333793,0.518938087392598,"A",1
"Loc45",0.477230065036565,0.272685303352773,"C",1
"Loc46",0.7323137386702,0.343203135766089,"C",1
"Loc47",0.692731556482613,0.705075340112671,"B",1
"Loc48",0.477619622135535,0.591535301180556,"A",1
"Loc49",0.8612094768323,0.469379037618637,"A",1
"Loc50",0.438097107224166,0.336376605555415,"C",1
"Loc51",0.244797277031466,0.967837428674102,"A",1
"Loc52",0.0706790471449494,0.645841883728281,"A",1
"Loc53",0.0994661601725966,0.196301169227809,"A",1
"Loc54",0.31627170718275,0.357180385151878,"C",1
"Loc55",0.518634263193235,0.513018082128838,"A",1
"Loc56",0.662005076417699,0.882996740518138,"A",1
"Loc57",0.406830187188461,0.152667565271258,"A",1
"Loc58",0.912875924259424,0.230461597442627,"A",1
"Loc59",0.293603372760117,0.162988578435034,"C",1
"Loc60",0.459065726259723,0.614346859045327,"B",1
"Loc61",0.332394674187526,0.501636443892494,"A",1
"Loc62",0.65087046707049,0.188118888065219,"C",1
"Loc63",0.258016780717298,0.407714852597564,"C",1
"Loc64",0.478545248275623,0.582388046896085,"A",1
"Loc65",0.766310670645908,0.308929065009579,"C",1
"Loc66",0.0842469143681228,0.480965640163049,"A",1
"Loc67",0.875321330036968,0.939394792309031,"A",1
"Loc68",0.339072937844321,0.0460405482444912,"A",1
"Loc69",0.839440350187942,0.534861729713157,"A",1
"Loc70",0.34668348915875,0.44266078225337,"A",1
"Loc71",0.333774930797517,0.906365469563752,"A",1
"Loc72",0.476351245073602,0.881042381748557,"A",1
"Loc73",0.892198335845023,0.163241116330028,"A",1
"Loc74",0.864339470630512,0.752190765691921,"B",1
"Loc75",0.389989543473348,0.402987202163786,"C",1
"Loc76",0.777320698834956,0.556952693499625,"A",1
"Loc77",0.960617997217923,0.0801692819222808,"A",1
"Loc78",0.434659484773874,0.116568592377007,"A",1
"Loc79",0.712514678714797,0.925192561233416,"A",1
"Loc80",0.399994368897751,0.878844240680337,"A",1
"Loc81",0.325352151878178,0.163207626901567,"C",1
"Loc82",0.757087148027495,0.531563901342452,"A",1
"Loc83",0.202692255144939,0.929792168317363,"A",1
"Loc84",0.711121222469956,0.325715993763879,"C",1
"Loc85",0.121691921027377,0.160794630879536,"A",1
"Loc86",0.245488513959572,0.949707917869091,"A",1
"Loc87",0.14330437942408,0.462357048643753,"A",1
"Loc88",0.239629415096715,0.220770887332037,"C",1
"Loc89",0.0589343772735447,0.00201923260465264,"A",1
"Loc90",0.642288258532062,0.619192603277043,"B",1
"Loc91",0.876269212691113,0.40250592213124,"A",1
"Loc92",0.778914677444845,0.900032610632479,"A",1
"Loc93",0.79730882588774,0.505881984485313,"A",1
"Loc94",0.455274453619495,0.726487081032246,"B",1
"Loc95",0.410084082046524,0.027486614882946,"A",1
"Loc96",0.810870242770761,0.379413213115185,"C",1
"Loc97",0.604933290276676,0.386744662187994,"C",1
"Loc98",0.654723928077146,0.337820725282654,"C",1
"Loc99",0.353197271935642,0.364431851310655,"C",1
"Loc100",0.270260145887733,0.638755969703197,"A",1
"Loc101",0.99268406117335,0.0329143274575472,"A",1
"Loc102",0.633493264438584,0.69619258842431,"B",1
"Loc103",0.213208135217428,0.815564174670726,"A",1
"Loc104",0.129372348077595,0.507422853494063,"A",1
"Loc105",0.478118034312502,0.112592625897378,"A",1
"Loc106",0.924074469832703,0.906323301140219,"A",1
"Loc107",0.59876096714288,0.413338953163475,"C",1
"Loc108",0.976170694921166,0.473755787825212,"A",1
"Loc109",0.731792511884123,0.713714180048555,"B",1
"Loc110",0.356726912083104,0.241871210513636,"C",1
"Loc111",0.431473690550774,0.299640627577901,"C",1
"Loc112",0.148211560677737,0.704478821484372,"A",1
"Loc113",0.0130775754805654,0.771674948045984,"A",1
"Loc114",0.715566066093743,0.0138403405435383,"A",1
"Loc115",0.103184235747904,0.551313953474164,"A",1
"Loc116",0.446284348610789,0.652461190475151,"B",1
"Loc117",0.640101045137271,0.931660708039999,"A",1
"Loc118",0.991838620044291,0.690391705138609,"A",1
"Loc119",0.495593577856198,0.253767139045522,"C",1
"Loc120",0.484349524369463,0.411038370104507,"C",1
"Loc121",0.173442334868014,0.122891113162041,"A",1
"Loc122",0.754820944508538,0.13196655572392,"A",1
"Loc123",0.453895489219576,0.640118008246645,"B",1
"Loc124",0.511169783771038,0.346423432230949,"C",1
"Loc125",0.207545113284141,0.422756604617462,"C",1
"Loc126",0.228658142732456,0.939408880425617,"A",1
"Loc127",0.595711996313184,0.383889230899513,"C",1
"Loc128",0.57487219828181,0.228585131000727,"C",1
"Loc129",0.0770643802825361,0.69027868588455,"A",1
"Loc130",0.0355405795853585,0.00985791743732989,"A",1
"Loc131",0.642795492196456,0.686130894348025,"B",1
"Loc132",0.928615199634805,0.791674596024677,"A",1
"Loc133",0.598092422354966,0.507493488723412,"A",1
"Loc134",0.560900748008862,0.308076248969883,"C",1
"Loc135",0.526027723914012,0.737212277250364,"B",1
"Loc136",0.985095223877579,0.304715243401006,"A",1
"Loc137",0.507641822332516,0.774708701763302,"B",1
"Loc138",0.682788078673184,0.112113637849689,"A",1
"Loc139",0.601541217649356,0.797743699979037,"B",1
"Loc140",0.238868677755818,0.491001167334616,"A",1
"Loc141",0.258165926672518,0.832918174797669,"A",1
"Loc142",0.729309623362496,0.758423154940829,"B",1
"Loc143",0.452570831403136,0.902146560838446,"A",1
"Loc144",0.175126768415794,0.278440013062209,"C",1
"Loc145",0.746698269620538,0.445692849811167,"A",1
"Loc146",0.104987640399486,0.272015735739842,"A",1
"Loc147",0.864544949028641,0.329918325645849,"A",1
"Loc148",0.614644971676171,0.863600653829053,"A",1
"Loc149",0.557159538846463,0.109857953386381,"A",1
"Loc150",0.328777319053188,0.402256899746135,"C",1
"Loc151",0.453131445450708,0.406075093662366,"C",1
"Loc152",0.500440972624347,0.436479254858568,"C",1
"Loc153",0.180866361130029,0.177000096300617,"C",1
"Loc154",0.529630602803081,0.265730200102553,"C",1
"Loc155",0.0752757457084954,0.659550013486296,"A",1
"Loc156",0.277755932649598,0.816055504838005,"A",1
"Loc157",0.212699519237503,0.421184344682842,"C",1
"Loc158",0.284790480975062,0.160064304247499,"C",1
"Loc159",0.895094102947041,0.288610127288848,"A",1
"Loc160",0.4462353233248,0.802129008341581,"B",1
"Loc161",0.779984889784828,0.164245681837201,"C",1
"Loc162",0.880619034869596,0.789792735129595,"B",1
"Loc163",0.413124209502712,0.524214969947934,"A",1
"Loc164",0.0638084805104882,0.320035002660006,"A",1
"Loc165",0.335487491684034,0.275177087867633,"C",1
"Loc166",0.723725946620107,0.8018980382476,"B",1
"Loc167",0.337615333497524,0.104024431202561,"A",1
"Loc168",0.630414122482762,0.838122266577557,"B",1
"Loc169",0.840614554006606,0.0792628736235201,"A",1
"Loc170",0.856131664710119,0.717564067104831,"B",1
"Loc171",0.39135928102769,0.864617826649919,"A",1
"Loc172",0.380493885604665,0.97855820809491,"A",1
"Loc173",0.895445425994694,0.249126207549125,"A",1
"Loc174",0.644315762910992,0.0248606903478503,"A",1
"Loc175",0.741078648716211,0.22297823196277,"C",1
"Loc176",0.605303446529433,0.122025499586016,"A",1
"Loc177",0.903081611497328,0.385239424882457,"A",1
"Loc178",0.293730155099183,0.0843304744921625,"A",1
"Loc179",0.19126010988839,0.28258189978078,"C",1
"Loc180",0.886450943304226,0.566582458792254,"A",1
"Loc181",0.503339485730976,0.328542302362621,"C",1
"Loc182",0.877057543024421,0.943474682746455,"A",1
"Loc183",0.189193622441962,0.377303513931111,"C",1
"Loc184",0.758103052387014,0.953315612394363,"A",1
"Loc185",0.724498892668635,0.273252867627889,"C",1
"Loc186",0.943724818294868,0.687330156099051,"A",1
"Loc187",0.547646587016061,0.136991804465652,"A",1
"Loc188",0.711743867723271,0.810210771625862,"B",1
"Loc189",0.388905099825934,0.762604692019522,"A",1
"Loc190",0.100873126182705,0.442404833855107,"A",1
"Loc191",0.927302088588476,0.456675694556907,"A",1
"Loc192",0.283232500310987,0.680455088848248,"A",1
"Loc193",0.59057315881364,0.0743979089893401,"A",1
"Loc194",0.110360604943708,0.646629075054079,"A",1
"Loc195",0.840507032116875,0.789914111606777,"B",1
"Loc196",0.317963684443384,0.223316506715491,"C",1
"Loc197",0.782851336989552,0.0409439904615283,"A",1
"Loc198",0.267508207354695,0.384648363338783,"C",1
"Loc199",0.218645284883678,0.344092153944075,"C",1
"Loc200",0.516796836396679,0.446368692209944,"A",1
"Loc201",0.268950592027977,0.38683316949755,"C",1
"Loc202",0.181168327340856,0.918317915406078,"A",1
"Loc203",0.518576137488708,0.174017543438822,"C",1
"Loc204",0.562782935798168,0.149870562367141,"A",1
"Loc205",0.129156854469329,0.613199228886515,"A",1
"Loc206",0.256367604015395,0.017243331996724,"A",1
"Loc207",0.717935275984928,0.0661104843020439,"A",1
"Loc208",0.961409936426207,0.778839041478932,"A",1
"Loc209",0.100140846567228,0.935656127054244,"A",1
"Loc210",0.763222689507529,0.207204139558598,"C",1
"Loc211",0.947966354666278,0.64334315690212,"A",1
"Loc212",0.818634688388556,0.331379575189203,"C",1
"Loc213",0.308292330708355,0.955421590944752,"A",1
"Loc214",0.649579460499808,0.817189157009125,"B",1
"Loc215",0.953355451114476,0.740276143187657,"A",1
"Loc216",0.953732650028542,0.222705976804718,"A",1
"Loc217",0.339979203417897,0.0457247165031731,"A",1
"Loc218",0.262474110117182,0.366526579251513,"C",1
"Loc219",0.165453933179379,0.741393025033176,"A",1
"Loc220",0.322168056620285,0.933506249915808,"A",1
"Loc221",0.510125206550583,0.673209949862212,"B",1
"Loc222",0.923968471353874,0.70135710737668,"A",1
"Loc223",0.510959698352963,0.847625407855958,"A",1
"Loc224",0.257621260825545,0.706156654981896,"A",1
"Loc225",0.0464608869515359,0.85880775959231,"A",1
"Loc226",0.41785625834018,0.44564449111931,"A",1
"Loc227",0.854001502273604,0.676634992007166,"B",1
"Loc228",0.347230677725747,0.127824782626703,"A",1
"Loc229",0.131442320533097,0.736171535216272,"A",1
"Loc230",0.374486864544451,0.0672451483551413,"A",1
"Loc231",0.631420228397474,0.2808000696823,"C",1
"Loc232",0.390078933676705,0.411617683712393,"C",1
"Loc233",0.689627848798409,0.943424997152761,"A",1
"Loc234",0.689413412474096,0.97734253318049,"A",1
"Loc235",0.554900623159483,0.0388665851205587,"A",1
"Loc236",0.429624407785013,0.587727777194232,"A",1
"Loc237",0.452720062807202,0.0300116771832108,"A",1
"Loc238",0.306443258887157,0.565281208371744,"A",1
"Loc239",0.578353944001719,0.0982272308319807,"A",1
"Loc240",0.910370304249227,0.630290788598359,"B",1
"Loc241",0.142604082124308,0.818501834524795,"A",1
"Loc242",0.415047625312582,0.350041663041338,"C",1
"Loc243",0.210925750667229,0.133983674924821,"A",1
"Loc244",0.428750370861962,0.080943378387019,"A",1
"Loc245",0.132689975202084,0.350443314295262,"A",1
"Loc246",0.460096445865929,0.996271784650162,"A",1
"Loc247",0.942957059247419,0.532968810759485,"A",1
"Loc248",0.761973861604929,0.335897380486131,"C",1
"Loc249",0.932909828843549,0.314234643476084,"A",1
"Loc250",0.470678497571498,0.382622060365975,"C",1
"Loc251",0.603588067693636,0.018546407809481,"A",1
"Loc252",0.484989680582657,0.0365391168743372,"A",1
"Loc253",0.10880631650798,0.878513294039294,"A",1
"Loc254",0.247726832982153,0.402064023772255,"C",1
"Loc255",0.498514530714601,0.469381074188277,"A",1
"Loc256",0.372866708086804,0.402336510131136,"C",1
"Loc257",0.934691370232031,0.702090102480724,"A",1
"Loc258",0.523986077867448,0.399164465256035,"C",1
"Loc259",0.317144671687856,0.501958322711289,"A",1
"Loc260",0.277966029476374,0.0369737506844103,"A",1
"Loc261",0.787540507735685,0.297975734807551,"C",1
"Loc262",0.702462512534112,0.962841981789097,"A",1
"Loc263",0.165027638664469,0.935096904635429,"A",1
"Loc264",0.0644575387705117,0.961099177366123,"A",1
"Loc265",0.754705621628091,0.792595364153385,"B",1
"Loc266",0.620410033036023,0.754777192836627,"B",1
"Loc267",0.169576766667888,0.065966630121693,"A",1
"Loc268",0.0622140523046255,0.135504779173061,"A",1
"Loc269",0.109029268613085,0.123599375598133,"A",1
"Loc270",0.381716351723298,0.762543860822916,"A",1
"Loc271",0.169310914585367,0.903465715935454,"A",1
"Loc272",0.298652542056516,0.402659090235829,"C",1
"Loc273",0.192209535045549,0.182563007809222,"C",1
"Loc274",0.257170021301135,0.37456521904096,"C",1
"Loc275",0.181231822818518,0.506208677310497,"A",1
"Loc276",0.477313709678128,0.9135026789736,"A",1
"Loc277",0.770737042883411,0.0766451810486615,"A",1
"Loc278",0.0277871224097908,0.109745523892343,"A",1
"Loc279",0.527310776989907,0.754267222480848,"B",1
"Loc280",0.880319068906829,0.304598775692284,"A",1
"Loc281",0.373063371982425,0.72380965645425,"A",1
"Loc282",0.0479591316543519,0.232330028899014,"A",1
"Loc283",0.138628246728331,0.393458866979927,"A",1
"Loc284",0.321492120390758,0.507879396900535,"A",1
"Loc285",0.154831611318514,0.939916865434498,"A",1
"Loc286",0.132228172151372,0.0578751706052572,"A",1
"Loc287",0.221305927727371,0.304765704553574,"C",1
"Loc288",0.226380796171725,0.240924044046551,"C",1
"Loc289",0.13141653384082,0.385203435085714,"A",1
"Loc290",0.981563460314646,0.762983355671167,"A",1
"Loc291",0.327013726811856,0.864646998699754,"A",1
"Loc292",0.506939497077838,0.679111215053126,"B",1
"Loc293",0.68144251476042,0.676762705435976,"B",1
"Loc294",0.0991691031958908,0.165052519412711,"A",1
"Loc295",0.118902558228001,0.802867429330945,"A",1
"Loc296",0.0504396595060825,0.711993431439623,"A",1
"Loc297",0.929253919748589,0.928703089011833,"A",1
"Loc298",0.673712232848629,0.00749460491351783,"A",1
"Loc299",0.0948578554671258,0.596331653418019,"A",1
"Loc300",0.492596120806411,0.366745680803433,"C",1
"Loc301",0.461551840649918,0.741967155365273,"B",1
"Loc302",0.375216530868784,0.762087390525267,"A",1
"Loc303",0.991099219536409,0.260722959181294,"A",1
"Loc304",0.176350713707507,0.254935881355777,"C",1
"Loc305",0.813435208518058,0.678840809967369,"B",1
"Loc306",0.0684466371312737,0.485480662435293,"A",1
"Loc307",0.40044974675402,0.378584530204535,"C",1
"Loc308",0.141144325723872,0.0555479826871306,"A",1
"Loc309",0.193309862399474,0.899025898426771,"A",1
"Loc310",0.841351716779172,0.801723313750699,"B",1
"Loc311",0.719913988374174,0.481013050070032,"A",1
"Loc312",0.267212083097547,0.0321287591941655,"A",1
"Loc313",0.495001644827425,0.51200681226328,"A",1
"Loc314",0.0831138978246599,0.373101272154599,"A",1
"Loc315",0.353884240612388,0.498571684816852,"A",1
"Loc316",0.969208805356175,0.399265736807138,"A",1
"Loc317",0.624714189674705,0.0209469445981085,"A",1
"Loc318",0.664618249749765,0.524289028486237,"A",1
"Loc319",0.312489656498656,0.1603988497518,"C",1
"Loc320",0.405689612729475,0.205114235170186,"C",1
"Loc321",0.996077371528372,0.975226715672761,"A",1
"Loc322",0.855082356370986,0.966354875126854,"A",1
"Loc323",0.953548396006227,0.760070322314277,"A",1
"Loc324",0.812305092345923,0.0763705321587622,"A",1
"Loc325",0.782182115828618,0.515823876019567,"A",1
"Loc326",0.267878128914163,0.600305194500834,"A",1
"Loc327",0.762151529546827,0.437024090904742,"C",1
"Loc328",0.986311589134857,0.00164226116612554,"A",1
"Loc329",0.293605549028143,0.435551518108696,"C",1
"Loc330",0.399351106956601,0.500963768921793,"A",1
"Loc331",0.812131523853168,0.669604706112295,"B",1
"Loc332",0.0771516691893339,0.694857106776908,"A",1
"Loc333",0.363696809858084,0.782510314369574,"A",1
"Loc334",0.442592467181385,0.139022845542058,"A",1
"Loc335",0.156714132521302,0.163245677249506,"A",1
"Loc336",0.582205270184204,0.759542910149321,"B",1
"Loc337",0.970162178855389,0.443703617434949,"A",1
"Loc338",0.98949983343482,0.629668830428272,"A",1
"Loc339",0.176452036481351,0.104512860300019,"A",1
"Loc340",0.542130424408242,0.835548897273839,"B",1
"Loc341",0.384303892031312,0.333949361927807,"C",1
"Loc342",0.676164050819352,0.199519188608974,"C",1
"Loc343",0.26929377974011,0.694545476464555,"A",1
"Loc344",0.469250942347571,0.165878762723878,"C",1
"Loc345",0.171800082316622,0.0739639038220048,"A",1
"Loc346",0.36918946239166,0.0382361884694546,"A",1
"Loc347",0.725405272562057,0.846020216587931,"A",1
"Loc348",0.486149104312062,0.373548197327182,"C",1
"Loc349",0.0638024667277932,0.880710697267205,"A",1
"Loc350",0.784546229988337,0.090317772468552,"A",1
"Loc351",0.418321635806933,0.495907411212102,"A",1
"Loc352",0.981018084799871,0.754322736058384,"A",1
"Loc353",0.282883955864236,0.605890813050792,"A",1
"Loc354",0.847882149508223,0.52841279655695,"A",1
"Loc355",0.0822392308618873,0.91020668274723,"A",1
"Loc356",0.886458750581369,0.98572890390642,"A",1
"Loc357",0.471930730855092,0.279742561979219,"C",1
"Loc358",0.109100963454694,0.123491694685072,"A",1
"Loc359",0.333277984522283,0.17437904397957,"C",1
"Loc360",0.837416569236666,0.881335254758596,"A",1
"Loc361",0.276849841699004,0.124628272140399,"A",1
"Loc362",0.587035141419619,0.298968904651701,"C",1
"Loc363",0.836732269730419,0.164734639925882,"A",1
"Loc364",0.0711540239863098,0.0726095444988459,"A",1
"Loc365",0.702778743347153,0.238413982093334,"C",1
"Loc366",0.69882453721948,0.716666605323553,"B",1
"Loc367",0.46396238100715,0.645020991796628,"B",1
"Loc368",0.436931110452861,0.0758749665692449,"A",1
"Loc369",0.562176787760109,0.172708922065794,"C",1
"Loc370",0.928483226336539,0.145670357858762,"A",1
"Loc371",0.230466414242983,0.391901184339076,"C",1
"Loc372",0.221813754411414,0.231745099416003,"C",1
"Loc373",0.420215893303975,0.561379822902381,"A",1
"Loc374",0.333520805696025,0.583520186599344,"A",1
"Loc375",0.864807550329715,0.098759338259697,"A",1
"Loc376",0.177194535732269,0.15891654137522,"C",1
"Loc377",0.49331872863695,0.922065404010937,"A",1
"Loc378",0.429713366786018,0.859449719078839,"A",1
"Loc379",0.564263842999935,0.907198753440753,"A",1
"Loc380",0.656162315513939,0.115268956404179,"A",1
"Loc381",0.97855406277813,0.0355392340570688,"A",1
"Loc382",0.232161148451269,0.585754387546331,"A",1
"Loc383",0.240811596158892,0.314168264856562,"C",1
"Loc384",0.796836083987728,0.556889274157584,"A",1
"Loc385",0.831671715015545,0.354495415464044,"A",1
"Loc386",0.113507706439123,0.143268311629072,"A",1
"Loc387",0.963312016334385,0.567135462770239,"A",1
"Loc388",0.147322899661958,0.334098657825962,"A",1
"Loc389",0.143626942764968,0.120401190593839,"A",1
"Loc390",0.925229935208336,0.255854324204847,"A",1
"Loc391",0.507035602582619,0.353385316440836,"C",1
"Loc392",0.15485101705417,0.831319929333404,"A",1
"Loc393",0.348302052123472,0.783223916543648,"A",1
"Loc394",0.659821025794372,0.940152207389474,"A",1
"Loc395",0.311772374436259,0.839199031703174,"A",1
"Loc396",0.351573409279808,0.148985019186512,"A",1
"Loc397",0.147845706902444,0.590676085092127,"A",1
"Loc398",0.658877609064803,0.823962600668892,"B",1
"Loc399",0.185069964500144,0.631885365350172,"A",1
"Loc400",0.954378136899322,0.469929961487651,"A",1
"Loc401",0.897848492022604,0.258740903576836,"A",1
"Loc402",0.943697054404765,0.0245803508441895,"A",1
"Loc403",0.72369075124152,0.328808127669618,"C",1
"Loc404",0.370357065927237,0.224853484425694,"C",1
"Loc405",0.781017540255561,0.877331839408726,"A",1
"Loc406",0.011149508645758,0.67765420069918,"A",1
"Loc407",0.940308712190017,0.52593330363743,"A",1
"Loc408",0.993749226210639,0.557686663931236,"A",1
"Loc409",0.3574057451915,0.247471673414111,"C",1
"Loc410",0.747635063482448,0.00729677081108093,"A",1
"Loc411",0.792909023817629,0.948906435165554,"A",1
"Loc412",0.705859006382525,0.719150138553232,"B",1
"Loc413",0.475825038738549,0.279324544593692,"C",1
"Loc414",0.494654526002705,0.743782856035978,"B",1
"Loc415",0.308052448788658,0.870748400921002,"A",1
"Loc416",0.695012246258557,0.380370125174522,"C",1
"Loc417",0.822793305618688,0.719447515904903,"B",1
"Loc418",0.434717640746385,0.239606710383669,"C",1
"Loc419",0.514732652809471,0.647764874156564,"B",1
"Loc420",0.663010967662558,0.975670760730281,"A",1
"Loc421",0.143166586523876,0.377998807933182,"A",1
"Loc422",0.344487393740565,0.464144128607586,"A",1
"Loc423",0.405763582326472,0.812296295771375,"A",1
"Loc424",0.0853110058233142,0.494408113183454,"A",1
"Loc425",0.932571928249672,0.0503090226557106,"A",1
"Loc426",0.838384066708386,0.130621740594506,"A",1
"Loc427",0.879433296155185,0.161438316106796,"A",1
"Loc428",0.935712467646226,0.0894531598314643,"A",1
"Loc429",0.0724606334697455,0.403614088194445,"A",1
"Loc430",0.378759440500289,0.0638598678633571,"A",1
"Loc431",0.537864922778681,0.562005922431126,"A",1
"Loc432",0.105050138663501,0.336524107959121,"A",1
"Loc433",0.801687705563381,0.540642281062901,"A",1
"Loc434",0.739641745807603,0.913231221958995,"A",1
"Loc435",0.052149013383314,0.38688075914979,"A",1
"Loc436",0.482169573195279,0.960267164045945,"A",1
"Loc437",0.920517840655521,0.384686591336504,"A",1
"Loc438",0.0415284289047122,0.941601979313418,"A",1
"Loc439",0.293991799000651,0.680635657161474,"A",1
"Loc440",0.500850487267599,0.902642353670672,"A",1
"Loc441",0.609748935094103,0.253797065699473,"C",1
"Loc442",0.264249049592763,0.406097129452974,"C",1
"Loc443",0.423098609549925,0.0142486135009676,"A",1
"Loc444",0.366563616320491,0.11044779419899,"A",1
"Loc445",0.942505322396755,0.501537791918963,"A",1
"Loc446",0.123723565135151,0.371526648057625,"A",1
"Loc447",0.0700326792430133,0.805915554286912,"A",1
"Loc448",0.964317037956789,0.00792284356430173,"A",1
"Loc449",0.442510108230636,0.836512059206143,"B",1
"Loc450",0.370272380299866,0.37683917931281,"C",1
"Loc451",0.170243580127135,0.385248533217236,"A",1
"Loc452",0.0541904293932021,0.951530575519428,"A",1
"Loc453",0.657828069292009,0.475674239452928,"A",1
"Loc454",0.578161916695535,0.552093794336542,"A",1
"Loc455",0.987101763952523,0.934716325020418,"A",1
"Loc456",0.603792401496321,0.86343625606969,"A",1
"Loc457",0.0649499187711626,0.259914484340698,"A",1
"Loc458",0.16210908186622,0.687699834583327,"A",1
"Loc459",0.475397920468822,0.447907246183604,"A",1
"Loc460",0.00193283474072814,0.21801627590321,"A",1
"Loc461",0.441459143068641,0.68623681506142,"B",1
"Loc462",0.260929737240076,0.959382025292143,"A",1
"Loc463",0.938413745490834,0.259404480922967,"A",1
"Loc464",0.715833283727989,0.468759991927072,"A",1
"Loc465",0.163085478357971,0.321339557645842,"A",1
"Loc466",0.476188018452376,0.164642814546824,"C",1
"Loc467",0.690256722969934,0.714727725367993,"B",1
"Loc468",0.460895179538056,0.52816575136967,"A",1
"Loc469",0.95514673832804,0.234714680118486,"A",1
"Loc470",0.712540122447535,0.0644316615071148,"A",1
"Loc471",0.397147933254018,0.67576349619776,"A",1
"Loc472",0.117720612091944,0.806145361857489,"A",1
"Loc473",0.24011627305299,0.115471235243604,"A",1
"Loc474",0.863630566513166,0.692014421336353,"B",1
"Loc475",0.435976401669905,0.0217862285207957,"A",1
"Loc476",0.497868051985279,0.361376708606258,"C",1
"Loc477",0.691927672130987,0.732280049938709,"B",1
"Loc478",0.760313281789422,0.312623041914776,"C",1
"Loc479",0.155401222640648,0.447153053246439,"A",1
"Loc480",0.849457093048841,0.825439068023115,"B",1
"Loc481",0.946817819029093,0.331795465201139,"A",1
"Loc482",0.588419190375134,0.144025167217478,"A",1
"Loc483",0.502250815276057,0.30092075210996,"C",1
"Loc484",0.189779917709529,0.162601796910167,"C",1
"Loc485",0.00183685822412372,0.839471578365192,"A",1
"Loc486",0.877578062238172,0.664307477185503,"B",1
"Loc487",0.134111337829381,0.138867305591702,"A",1
"Loc488",0.0227412241511047,0.325881813885644,"A",1
"Loc489",0.939136706059799,0.831430218880996,"A",1
"Loc490",0.292948722839355,0.822539104381576,"A",1
"Loc491",0.164326574420556,0.149399920366704,"A",1
"Loc492",0.399102555820718,0.421279689529911,"C",1
"Loc493",0.459575412096456,0.445182651514187,"A",1
"Loc494",0.434030848555267,0.883927375776693,"A",1
"Loc495",0.517009826377034,0.414997326675802,"C",1
"Loc496",0.846245752647519,0.689892161870375,"B",1
"Loc497",0.0551642864011228,0.71692087710835,"A",1
"Loc498",0.554177061188966,0.0123791699297726,"A",1
"Loc499",0.688275237567723,0.0378294484689832,"A",1
"Loc500",0.658057553693652,0.0908774142153561,"A",1
"Loc501",0.663342725252733,0.398823967436329,"C",1
"Loc502",0.472234202548862,0.900214575929567,"A",1
"Loc503",0.969528166111559,0.444902628427371,"A",1
"Loc504",0.402197062736377,0.75515309209004,"A",1
"Loc505",0.849552103783935,0.711470239562914,"B",1
"Loc506",0.756644907407463,0.166756350314245,"C",1
"Loc507",0.532601219369099,0.869142389157787,"A",1
"Loc508",0.874149660812691,0.0891845354344696,"A",1
"Loc509",0.467115115607157,0.16301366337575,"C",1
"Loc510",0.00812845537438989,0.849353688303381,"A",1
"Loc511",0.72776700463146,0.628130341181532,"B",1
"Loc512",0.716589478775859,0.208459950983524,"C",1
"Loc513",0.187426371034235,0.672860826831311,"A",1
"Loc514",0.646067276829854,0.964205690892413,"A",1
"Loc515",0.541979279834777,0.88173885201104,"A",1
"Loc516",0.335320759797469,0.961764686973765,"A",1
"Loc517",0.637908723205328,0.464693185640499,"A",1
"Loc518",0.829201063839719,0.0728773572482169,"A",1
"Loc519",0.708975198445842,0.874308753525838,"A",1
"Loc520",0.348550350870937,0.198872806271538,"C",1
"Loc521",0.128327874932438,0.53458975860849,"A",1
"Loc522",0.38807848887518,0.105562190990895,"A",1
"Loc523",0.92817754833959,0.383995017269626,"A",1
"Loc524",0.804390771314502,0.747705924557522,"B",1
"Loc525",0.758696807082742,0.695790997939184,"B",1
"Loc526",0.957249888917431,0.0983917720150203,"A",1
"Loc527",0.993913878686726,0.611531793372706,"A",1
"Loc528",0.606440994655713,0.0209252538625151,"A",1
"Loc529",0.0293771654833108,0.649712249170989,"A",1
"Loc530",0.336445357883349,0.978378070285544,"A",1
"Loc531",0.277658086735755,0.842504459200427,"A",1
"Loc532",0.117197550134733,0.842785842018202,"A",1
"Loc533",0.0432182590011507,0.387452162569389,"A",1
"Loc534",0.370309785706922,0.79307110211812,"A",1
"Loc535",0.33687830879353,0.406196559080854,"C",1
"Loc536",0.173652553465217,0.253348905127496,"C",1
"Loc537",0.621773279504851,0.419303989037871,"C",1
"Loc538",0.397843627491966,0.495499532902613,"A",1
"Loc539",0.955675768665969,0.858245956944302,"A",1
"Loc540",0.653349443105981,0.732264853548259,"B",1
"Loc541",0.328743716701865,0.97442849050276,"A",1
"Loc542",0.197146713500842,0.100054909707978,"A",1
"Loc543",0.115342324832454,0.832590837031603,"A",1
"Loc544",0.995965478708968,0.450554177863523,"A",1
"Loc545",0.379276725230739,0.85045913583599,"A",1
"Loc546",0.561988092726097,0.569751543691382,"A",1
"Loc547",0.732718017650768,0.961542513919994,"A",1
"Loc548",0.870805552927777,0.954750733915716,"A",1
"Loc549",0.572170259663835,0.283779508899897,"C",1
"Loc550",0.0110360709950328,0.739606497809291,"A",1
"Loc551",0.906315261265263,0.0707425756845623,"A",1
"Loc552",0.770653631538153,0.900119546800852,"A",1
"Loc553",0.382504623383284,0.13342057261616,"A",1
"Loc554",0.0940458888653666,0.555886077694595,"A",1
"Loc555",0.0496535839047283,0.600408032536507,"A",1
"Loc556",0.821162318112329,0.132961038965732,"A",1
"Loc557",0.829324304359034,0.509312337264419,"A",1
"Loc558",0.654732875758782,0.36704990756698,"C",1
"Loc559",0.132827813038602,0.00330454739741981,"A",1
"Loc560",0.341809901176021,0.0479798603337258,"A",1
"Loc561",0.731371578993276,0.882048450177535,"A",1
"Loc562",0.907291416078806,0.823517040116712,"B",1
"Loc563",0.696196999400854,0.413030900992453,"C",1
"Loc564",0.241579222260043,0.921733218012378,"A",1
"Loc565",0.644107228610665,0.477402933407575,"A",1
"Loc566",0.280750213656574,0.474994423566386,"A",1
"Loc567",0.957636520732194,0.657836067024618,"A",1
"Loc568",0.158395956736058,0.163320453837514,"A",1
"Loc569",0.418338991701603,0.0951943711843342,"A",1
"Loc570",0.252009797375649,0.861514792311937,"A",1
"Loc571",0.0943902677390724,0.239879169734195,"A",1
"Loc572",0.827717769658193,0.555404131999239,"A",1
"Loc573",0.525305503746495,0.849406595109031,"A",1
"Loc574",0.667747627478093,0.349647580645978,"C",1
"Loc575",0.408277759794146,0.975738595239818,"A",1
"Loc576",0.842589903390035,0.869405530160293,"A",1
"Loc577",0.737305467948318,0.754124050959945,"B",1
"Loc578",0.348224401008338,0.223673420026898,"C",1
"Loc579",0.948938177432865,0.769816465443,"A",1
"Loc580",0.646679189987481,0.874713584315032,"A",1
"Loc581",0.03527776687406,0.0437931080814451,"A",1
"Loc582",0.596448455704376,0.199760707095265,"C",1
"Loc583",0.415318001527339,0.853742358274758,"A",1
"Loc584",0.0768970381468534,0.652254128362983,"A",1
"Loc585",0.52804887923412,0.869332019239664,"A",1
"Loc586",0.962333308532834,0.813636587467045,"A",1
"Loc587",0.708740051137283,0.36144763790071,"C",1
"Loc588",0.553475703578442,0.0908958460204303,"A",1
"Loc589",0.242956608999521,0.574655290460214,"A",1
"Loc590",0.778042529011145,0.654730413574725,"B",1
"Loc591",0.651940943440422,0.822204776341096,"B",1
"Loc592",0.830245703924447,0.455575515050441,"A",1
"Loc593",0.648550947429612,0.984328898368403,"A",1
"Loc594",0.479835794307292,0.750398378120735,"B",1
"Loc595",0.495064105605707,0.13355568703264,"A",1
"Loc596",0.379872591467574,0.21517351269722,"C",1
"Loc597",0.450485437177122,0.848379537696019,"A",1
"Loc598",0.814251750474796,0.465341185452417,"A",1
"Loc599",0.928777225781232,0.915767790284008,"A",1
"Loc600",0.147481045220047,0.916557738324627,"A",1
"Loc601",0.749821664998308,0.819854583824053,"B",1
"Loc602",0.975657349685207,0.566901157610118,"A",1
"Loc603",0.974792463472113,0.615477161249146,"A",1
"Loc604",0.350625570164993,0.794800289906561,"A",1
"Loc605",0.393949056975543,0.439696548506618,"A",1
"Loc606",0.950951009057462,0.412587253144011,"A",1
"Loc607",0.106648319633678,0.565485285129398,"A",1
"Loc608",0.934760116506368,0.151647832011804,"A",1
"Loc609",0.346162099856883,0.807460845448077,"A",1
"Loc610",0.53306060587056,0.495641366345808,"A",1
"Loc611",0.538794299354777,0.140509183052927,"A",1
"Loc612",0.714717949740589,0.110289279138669,"A",1
"Loc613",0.405790500110015,0.110791063401848,"A",1
"Loc614",0.152788141276687,0.00471427943557501,"A",1
"Loc615",0.340232761343941,0.238404355244711,"C",1
"Loc616",0.62665484752506,0.878822879167274,"A",1
"Loc617",0.0573726783040911,0.0772186573594809,"A",1
"Loc618",0.851667639799416,0.138538560131565,"A",1
"Loc619",0.212645345833153,0.0475245749112219,"A",1
"Loc620",0.539462027838454,0.0339188734069467,"A",1
"Loc621",0.136487586190924,0.916089018341154,"A",1
"Loc622",0.324865140486509,0.840200393926352,"A",1
"Loc623",0.621076293755323,0.1788714164868,"C",1
"Loc624",0.255982248578221,0.495267945108935,"A",1
"Loc625",0.634875798830763,0.306958527071401,"C",1
"Loc626",0.485672106966376,0.274376961868256,"C",1
"Loc627",0.938176916679367,0.128243855433539,"A",1
"Loc628",0.857501537073404,0.429381913272664,"A",1
"Loc629",0.370883537689224,0.695944963721558,"A",1
"Loc630",0.314201829954982,0.335060718469322,"C",1
"Loc631",0.828534359810874,0.701246433425695,"B",1
"Loc632",0.451841513160616,0.840534914750606,"A",1
"Loc633",0.315878412220627,0.882632006658241,"A",1
"Loc634",0.0978085375390947,0.766589350067079,"A",1
"Loc635",0.0649005365557969,0.322027627611533,"A",1
"Loc636",0.689457366475835,0.0421170077752322,"A",1
"Loc637",0.668050603941083,0.8927099222783,"A",1
"Loc638",0.90454664779827,0.638105145189911,"B",1
"Loc639",0.301693270448595,0.554493116214871,"A",1
"Loc640",0.932808704674244,0.766329948091879,"A",1
"Loc641",0.201983017381281,0.0968612944707274,"A",1
"Loc642",0.792378755984828,0.748016487574205,"B",1
"Loc643",0.224630508804694,0.875217987690121,"A",1
"Loc644",0.0307565710972995,0.00766859552823007,"A",1
"Loc645",0.862034041201696,0.934916985454038,"A",1
"Loc646",0.685107505181804,0.406965658068657,"C",1
"Loc647",0.942074909573421,0.788763389689848,"A",1
"Loc648",0.675853760447353,0.976127624511719,"A",1
"Loc649",0.843120148405433,0.33340254588984,"A",1
"Loc650",0.361894184956327,0.787214820971712,"A",1
"Loc651",0.392365885199979,0.0893609160557389,"A",1
"Loc652",0.567687397589907,0.0436999020166695,"A",1
"Loc653",0.0951521336100996,0.514933738159016,"A",1
"Loc654",0.193784071598202,0.0480893275234848,"A",1
"Loc655",0.588066393043846,0.0891961276065558,"A",1
"Loc656",0.751504168147221,0.688325521536171,"B",1
"Loc657",0.867238787235692,0.0348385337274522,"A",1
"Loc658",0.371795737184584,0.430910924449563,"C",1
"Loc659",0.798814549576491,0.759294051211327,"B",1
"Loc660",0.0583143925759941,0.831796954618767,"A",1
"Loc661",0.623435709392652,0.382462516892701,"C",1
"Loc662",0.356641406659037,0.615554818883538,"A",1
"Loc663",0.587927932385355,0.344986650394276,"C",1
"Loc664",0.913784642005339,0.532278774073347,"A",1
"Loc665",0.199442182900384,0.260009106947109,"C",1
"Loc666",0.369083623867482,0.572860622312874,"A",1
"Loc667",0.671408327762038,0.905846678419039,"A",1
"Loc668",0.768144550733268,0.566021878505126,"A",1
"Loc669",0.522248276043683,0.0564868177752942,"A",1
"Loc670",0.828075018012896,0.102113745408133,"A",1
"Loc671",0.52709619468078,0.328341855900362,"C",1
"Loc672",0.501754825003445,0.990600507240742,"A",1
"Loc673",0.419973319862038,0.714365339372307,"A",1
"Loc674",0.362298283260316,0.0789741838816553,"A",1
"Loc675",0.123428910272196,0.614216449437663,"A",1
"Loc676",0.298161529470235,0.493233672808856,"A",1
"Loc677",0.276676489738747,0.269097654847428,"C",1
"Loc678",0.770225355634466,0.293110862839967,"C",1
"Loc679",0.77818130212836,0.475278300233185,"A",1
"Loc680",0.143787280656397,0.964078546268865,"A",1
"Loc681",0.515526150586084,0.42363210208714,"C",1
"Loc682",0.597240485483781,0.844097095774487,"A",1
"Loc683",0.505843024002388,0.953827351331711,"A",1
"Loc684",0.386099633062258,0.28647352475673,"C",1
"Loc685",0.426098100841045,0.54084939789027,"A",1
"Loc686",0.0117597347125411,0.581378317903727,"A",1
"Loc687",0.919331770390272,0.256286894436926,"A",1
"Loc688",0.0794396931305528,0.878083968302235,"A",1
"Loc689",0.507374254753813,0.882302387617528,"A",1
"Loc690",0.820171616971493,0.987334684701636,"A",1
"Loc691",0.5983954181429,0.101620901143178,"A",1
"Loc692",0.424153526080772,0.618775002192706,"A",1
"Loc693",0.559310270706192,0.70473376987502,"B",1
"Loc694",0.789094472071156,0.148588430834934,"A",1
"Loc695",0.167715257965028,0.890810591634363,"A",1
"Loc696",0.970451730070636,0.162670300109312,"A",1
"Loc697",0.473503098357469,0.121866469504312,"A",1
"Loc698",0.929743205895647,0.977556857280433,"A",1
"Loc699",0.900939270388335,0.6271102654282,"B",1
"Loc700",0.750882187858224,0.0191994300112128,"A",1
"Loc701",0.676568772410974,0.829164144583046,"B",1
"Loc702",0.648013445781544,0.998877475271001,"A",1
"Loc703",0.0732468697242439,0.868095516227186,"A",1
"Loc704",0.423558418406174,0.39691107487306,"C",1
"Loc705",0.530824364162982,0.936241782503203,"A",1
"Loc706",0.942704762332141,0.324772896012291,"A",1
"Loc707",0.71222455939278,0.972447561565787,"A",1
"Loc708",0.724490575492382,0.562598453834653,"A",1
"Loc709",0.470128617715091,0.579329037806019,"A",1
"Loc710",0.120282255811617,0.824690353590995,"A",1
"Loc711",0.783097670879215,0.198444477515295,"C",1
"Loc712",0.438157397089526,0.618989635026082,"B",1
"Loc713",0.431455979822204,0.224564614938572,"C",1
"Loc714",0.0274978789966553,0.0252237301319838,"A",1
"Loc715",0.146561842877418,0.756505124736577,"A",1
"Loc716",0.422595157986507,0.638156944653019,"A",1
"Loc717",0.767137174261734,0.0578689130488783,"A",1
"Loc718",0.0047664453741163,0.673797813244164,"A",1
"Loc719",0.603595691500232,0.691544770728797,"B",1
"Loc720",0.90557726053521,0.745228959713131,"B",1
"Loc721",0.706661531934515,0.124061870621517,"A",1
"Loc722",0.2625371592585,0.15117178671062,"A",1
"Loc723",0.851076219463721,0.177430625306442,"A",1
"Loc724",0.333605515072122,0.00886946776881814,"A",1
"Loc725",0.578284267568961,0.633788643172011,"B",1
"Loc726",0.432773130247369,0.372750885086134,"C",1
"Loc727",0.0515953230205923,0.277720049023628,"A",1
"Loc728",0.729803287889808,0.172508500749245,"C",1
"Loc729",0.548170414287597,0.203711141366512,"C",1
"Loc730",0.751221985556185,0.221870881738141,"C",1
"Loc731",0.0507711647078395,0.253431504592299,"A",1
"Loc732",0.714966212399304,0.170097689377144,"C",1
"Loc733",0.297694456763566,0.921676764031872,"A",1
"Loc734",0.28347720974125,0.345313458470628,"C",1
"Loc735",0.829877127427608,0.0851092091761529,"A",1
"Loc736",0.0863953751977533,0.377817805157974,"A",1
"Loc737",0.0426571189891547,0.54334351955913,"A",1
"Loc738",0.348740808898583,0.787010926054791,"A",1
"Loc739",0.542336010141298,0.320313527714461,"C",1
"Loc740",0.609460863517597,0.838038518326357,"B",1
"Loc741",0.271372098475695,0.998470485210419,"A",1
"Loc742",0.205230931984261,0.213442992419004,"C",1
"Loc743",0.38163214828819,0.437296491349116,"C",1
"Loc744",0.47255811537616,0.378729996271431,"C",1
"Loc745",0.835517949890345,0.965576708549634,"A",1
"Loc746",0.121471496298909,0.641116502229124,"A",1
"Loc747",0.675808124942705,0.806135333841667,"B",1
"Loc748",0.496685219928622,0.919062188826501,"A",1
"Loc749",0.90223774779588,0.0586224480066448,"A",1
"Loc750",0.551263966830447,0.477642855606973,"A",1
"Loc751",0.12856467650272,0.696882788324729,"A",1
"Loc752",0.442009785678238,0.0446715094149113,"A",1
"Loc753",0.192297696368769,0.756854316918179,"A",1
"Loc754",0.434900622116402,0.591673724818975,"A",1
"Loc755",0.225133402971551,0.510140463011339,"A",1
"Loc756",0.961096282117069,0.452601766446605,"A",1
"Loc757",0.448427465045825,0.0254819660913199,"A",1
"Loc758",0.77714498527348,0.961843609344214,"A",1
"Loc759",0.158219774486497,0.987627439666539,"A",1
"Loc760",0.866808582562953,0.634359558112919,"B",1
"Loc761",0.206145605770871,0.425541346892715,"C",1
"Loc762",0.177949683042243,0.266625905176625,"C",1
"Loc763",0.16489114635624,0.0805694879963994,"A",1
"Loc764",0.565268977312371,0.330141563434154,"C",1
"Loc765",0.727181021124125,0.894050102913752,"A",1
"Loc766",0.87591898906976,0.306675198487937,"A",1
"Loc767",0.7084243837744,0.40242384118028,"C",1
"Loc768",0.47746321093291,0.573791397502646,"A",1
"Loc769",0.820279993582517,0.596988384379074,"A",1
"Loc770",0.0166122107766569,0.570017137564719,"A",1
"Loc771",0.996111101238057,0.218071287963539,"A",1
"Loc772",0.63489483576268,0.820126744452864,"B",1
"Loc773",0.42847538087517,0.0366557808592916,"A",1
"Loc774",0.0283929328434169,0.625582814915106,"A",1
"Loc775",0.753332700580359,0.433478938182816,"C",1
"Loc776",0.20863397535868,0.35692613851279,"C",1
"Loc777",0.999455405166373,0.773667640052736,"A",1
"Loc778",0.907249193172902,0.173452047863975,"A",1
"Loc779",0.712465031770989,0.493208973202854,"A",1
"Loc780",0.730932883918285,0.737188908504322,"B",1
"Loc781",0.472487921128049,0.511001022765413,"A",1
"Loc782",0.86251068697311,0.475086916005239,"A",1
"Loc783",0.165415122406557,0.587899940554053,"A",1
"Loc784",0.620427925605327,0.572537379339337,"A",1
"Loc785",0.29233139497228,0.654917740728706,"A",1
"Loc786",0.456141733797267,0.865125555777922,"A",1
"Loc787",0.0456392089836299,0.396846375893801,"A",1
"Loc788",0.177661752095446,0.960116155678406,"A",1
"Loc789",0.0579320678953081,0.380877255229279,"A",1
"Loc790",0.944410233525559,0.170088279992342,"A",1
"Loc791",0.342743474291638,0.231604878557846,"C",1
"Loc792",0.517950570676476,0.949920209357515,"A",1
"Loc793",0.625245335279033,0.0835081576369703,"A",1
"Loc794",0.23726485366933,0.193044015904889,"C",1
"Loc795",0.516123914392665,0.074695295188576,"A",1
"Loc796",0.806541827740148,0.605016008019447,"A",1
"Loc797",0.348264734493569,0.215842896373942,"C",1
"Loc798",0.858687452971935,0.587987260660157,"A",1
"Loc799",0.034438761183992,0.228897603228688,"A",1
"Loc800",0.970997145865113,0.390925179235637,"A",1
"Loc801",0.745110136223957,0.347905913367867,"C",1
"Loc802",0.273255241801962,0.918379402486607,"A",1
"Loc803",0.677106101531535,0.112039123661816,"A",1
"Loc804",0.347947468049824,0.254976143594831,"C",1
"Loc805",0.947020521620288,0.186624069930986,"A",1
"Loc806",0.338623774936423,0.745543522993103,"A",1
"Loc807",0.0317132039926946,0.932968782261014,"A",1
"Loc808",0.35358579759486,0.494711893843487,"A",1
"Loc809",0.387123587774113,0.644993681227788,"A",1
"Loc810",0.356947160093114,0.175802586833015,"C",1
"Loc811",0.959968606010079,0.602994646178558,"A",1
"Loc812",0.383738204836845,0.887757665943354,"A",1
"Loc813",0.546337621053681,0.490209404379129,"A",1
"Loc814",0.925323475850746,0.0183835725765675,"A",1
"Loc815",0.916859527118504,0.17939079226926,"A",1
"Loc816",0.24273299286142,0.299391138367355,"C",1
"Loc817",0.717090838821605,0.276964061195031,"C",1
"Loc818",0.348946035839617,0.0616094244178385,"A",1
"Loc819",0.5542833507061,0.35532134771347,"C",1
"Loc820",0.74297241307795,0.577037754002959,"A",1
"Loc821",0.819698318606243,0.535031558480114,"A",1
"Loc822",0.869657265022397,0.604272830300033,"A",1
"Loc823",0.0358651343267411,0.486148978350684,"A",1
"Loc824",0.220024403417483,0.131626568036154,"A",1
"Loc825",0.3669732096605,0.96457004873082,"A",1
"Loc826",0.305696442024782,0.742461576359347,"A",1
"Loc827",0.727830457501113,0.366839384660125,"C",1
"Loc828",0.699728766223416,0.150825294898823,"A",1
"Loc829",0.910060926806182,0.226939673302695,"A",1
"Loc830",0.845602609682828,0.745116808917373,"B",1
"Loc831",0.778544640168548,0.050592377781868,"A",1
"Loc832",0.400843428215012,0.593993296846747,"A",1
"Loc833",0.576804658863693,0.153250648407266,"A",1
"Loc834",0.0763594461604953,0.762780725024641,"A",1
"Loc835",0.872974850703031,0.995281064882874,"A",1
"Loc836",0.956285735592246,0.173998110694811,"A",1
"Loc837",0.505531079834327,0.619130822597072,"B",1
"Loc838",0.924366363789886,0.537983173970133,"A",1
"Loc839",0.134513532742858,0.818258262239397,"A",1
"Loc840",0.238737003179267,0.321746907196939,"C",1
"Loc841",0.489962622057647,0.582326936768368,"A",1
"Loc842",0.474060096777976,0.0709323794580996,"A",1
"Loc843",0.434994159033522,0.570644013117999,"A",1
"Loc844",0.0392489600926638,0.56067725061439,"A",1
"Loc845",0.644331015180796,0.434170939493924,"C",1
"Loc846",0.715567200211808,0.96194878523238,"A",1
"Loc847",0.351666721282527,0.711271684383973,"A",1
"Loc848",0.946556748822331,0.258469532011077,"A",1
"Loc849",0.74310650723055,0.92567753768526,"A",1
"Loc850",0.0507859203498811,0.420811663148925,"A",1
"Loc851",0.98036478087306,0.816300745587796,"A",1
"Loc852",0.217822452541441,0.754665047628805,"A",1
"Loc853",0.0361960020381957,0.412143304478377,"A",1
"Loc854",0.2607038654387,0.514416832011193,"A",1
"Loc855",0.720415785908699,0.542284718481824,"A",1
"Loc856",0.247894181171432,0.974024304188788,"A",1
"Loc857",0.234915791545063,0.073637954890728,"A",1
"Loc858",0.021011842880398,0.76950380532071,"A",1
"Loc859",0.264620627742261,0.872554909205064,"A",1
"Loc860",0.691801619483158,0.989865584531799,"A",1
"Loc861",0.0346693911124021,0.965147644048557,"A",1
"Loc862",0.0627861295361072,0.636421318631619,"A",1
"Loc863",0.397706091869622,0.0653892939444631,"A",1
"Loc864",0.490028424886987,0.128414754988626,"A",1
"Loc865",0.631048747571185,0.492784780450165,"A",1
"Loc866",0.723404312273487,0.663244860246778,"B",1
"Loc867",0.0767657924443483,0.189378713723272,"A",1
"Loc868",0.421446080552414,0.177598393289372,"C",1
"Loc869",0.9737266858574,0.115560325561091,"A",1
"Loc870",0.813805783400312,0.156952400226146,"C",1
"Loc871",0.223767722956836,0.8574108495377,"A",1
"Loc872",0.489742305828258,0.42486053169705,"C",1
"Loc873",0.0113401929847896,0.878341671079397,"A",1
"Loc874",0.258602296933532,0.824826563941315,"A",1
"Loc875",0.454598771873862,0.978819616837427,"A",1
"Loc876",0.740976688219234,0.634543015854433,"B",1
"Loc877",0.990660011768341,0.691523276036605,"A",1
"Loc878",0.332204946083948,0.792183339362964,"A",1
"Loc879",0.944791405461729,0.0341706455219537,"A",1
"Loc880",0.961853419896215,0.819993681041524,"A",1
"Loc881",0.899277499644086,0.687636162620038,"B",1
"Loc882",0.492715835105628,0.431776891928166,"C",1
"Loc883",0.784935477888212,0.243875786894932,"C",1
"Loc884",0.803119047079235,0.00814770301803946,"A",1
"Loc885",0.677767623681575,0.421106143388897,"C",1
"Loc886",0.581277578603476,0.786956907948479,"B",1
"Loc887",0.330668087350205,0.595592122757807,"A",1
"Loc888",0.00131465657614172,0.984963058726862,"A",1
"Loc889",0.0658019641414285,0.528043455909938,"A",1
"Loc890",0.0859519173391163,0.523278417764232,"A",1
"Loc891",0.0131097168195993,0.786444804864004,"A",1
"Loc892",0.335745624266565,0.0877224092837423,"A",1
"Loc893",0.119264316512272,0.256111980648711,"A",1
"Loc894",0.593595445388928,0.35660412022844,"C",1
"Loc895",0.0373126757331192,0.24905545799993,"A",1
"Loc896",0.00957179185934365,0.175018487730995,"A",1
"Loc897",0.161596125923097,0.572922080755234,"A",1
"Loc898",0.831898988224566,0.483393148286268,"A",1
"Loc899",0.766842754324898,0.809948969166726,"B",1
"Loc900",0.272780316416174,0.75051523395814,"A",1
"Loc901",0.188163298880681,0.347443797625601,"C",1
"Loc902",0.225761834764853,0.806874484289438,"A",1
"Loc903",0.0619703675620258,0.25176422810182,"A",1
"Loc904",0.0599002409726381,0.592963553965092,"A",1
"Loc905",0.148155870381743,0.156215733382851,"A",1
"Loc906",0.0729878859128803,0.175159651553258,"A",1
"Loc907",0.042885891860351,0.226377300918102,"A",1
"Loc908",0.522461272310466,0.791963252006099,"B",1
"Loc909",0.789231489412487,0.388376479735598,"C",1
"Loc910",0.69475334812887,0.911222032504156,"A",1
"Loc911",0.06657604733482,0.1218470511958,"A",1
"Loc912",0.0179577465169132,0.987835156964138,"A",1
"Loc913",0.442158423364162,0.75528792059049,"B",1
"Loc914",0.157602083170786,0.310775833902881,"A",1
"Loc915",0.718860115855932,0.0198653580155224,"A",1
"Loc916",0.703941832529381,0.682283061323687,"B",1
"Loc917",0.885226304875687,0.438736066687852,"A",1
"Loc918",0.325261015212163,0.883700705366209,"A",1
"Loc919",0.970881566638127,0.0742437855806202,"A",1
"Loc920",0.984820266254246,0.45366955595091,"A",1
"Loc921",0.0391847176942974,0.888036270625889,"A",1
"Loc922",0.893571288092062,0.700159241678193,"B",1
"Loc923",0.82239915127866,0.304615611210465,"C",1
"Loc924",0.724244692828506,0.584890802390873,"A",1
"Loc925",0.288920137798414,0.870453770039603,"A",1
"Loc926",0.501948604593053,0.44652355927974,"A",1
"Loc927",0.428347001317888,0.33737303968519,"C",1
"Loc928",0.610016016056761,0.566908608656377,"A",1
"Loc929",0.926113174064085,0.415764981647953,"A",1
"Loc930",0.240123257739469,0.83266066480428,"A",1
"Loc931",0.271881833905354,0.153707588091493,"A",1
"Loc932",0.735003646463156,0.658649043180048,"B",1
"Loc933",0.751545873004943,0.00102681899443269,"A",1
"Loc934",0.930591920856386,0.320450928527862,"A",1
"Loc935",0.462730274768546,0.950132880592719,"A",1
"Loc936",0.860691176727414,0.0125525095500052,"A",1
"Loc937",0.312036419520155,0.0790907654445618,"A",1
"Loc938",0.208039013436064,0.213288370519876,"C",1
"Loc939",0.920827467227355,0.994843258988112,"A",1
"Loc940",0.0527368842158467,0.49203958758153,"A",1
"Loc941",0.411155431065708,0.627634118078277,"A",1
"Loc942",0.456341215176508,0.00596133503131568,"A",1
"Loc943",0.415860247565433,0.285853998735547,"C",1
"Loc944",0.670353451743722,0.986480417195708,"A",1
"Loc945",0.756904080044478,0.757692324928939,"B",1
"Loc946",0.911651314469054,0.0682749908883125,"A",1
"Loc947",0.819952085847035,0.810763978632167,"B",1
"Loc948",0.0936498525552452,0.122871407074854,"A",1
"Loc949",0.177906081313267,0.409918360644951,"C",1
"Loc950",0.6422145802062,0.927543645258993,"A",1
"Loc951",0.874282993841916,0.554208239307627,"A",1
"Loc952",0.592313350411132,0.0142666143365204,"A",1
"Loc953",0.262432192219421,0.967365281190723,"A",1
"Loc954",0.883752264082432,0.770065532531589,"B",1
"Loc955",0.187689346261322,0.0799524132162333,"A",1
"Loc956",0.488866982283071,0.365419848356396,"C",1
"Loc957",0.0098204871173948,0.480426545254886,"A",1
"Loc958",0.360434043221176,0.675760691985488,"A",1
"Loc959",0.442161690909415,0.786447250749916,"B",1
"Loc960",0.125729221384972,0.810058057308197,"A",1
"Loc961",0.6243645476643,0.078677503624931,"A",1
"Loc962",0.302431331714615,0.168914441019297,"C",1
"Loc963",0.239637228194624,0.0367327940184623,"A",1
"Loc964",0.358629763592035,0.240142308874056,"C",1
"Loc965",0.89291041251272,0.912195181939751,"A",1
"Loc966",0.990627265069634,0.00136347976513207,"A",1
"Loc967",0.732421197462827,0.227300448110327,"C",1
"Loc968",0.99278808827512,0.168262931751087,"A",1
"Loc969",0.53978936211206,0.149762514978647,"A",1
"Loc970",0.433801761828363,0.648097161203623,"A",1
"Loc971",0.96467367419973,0.485572549281642,"A",1
"Loc972",0.148319643223658,0.693244319409132,"A",1
"Loc973",0.0664930557832122,0.289669456658885,"A",1
"Loc974",0.0242514880374074,0.978671659715474,"A",1
"Loc975",0.61242324183695,0.288126329425722,"C",1
"Loc976",0.696608748054132,0.525764521211386,"A",1
"Loc977",0.801141887204722,0.0778222696390003,"A",1
"Loc978",0.137730283895507,0.678553835256025,"A",1
"Loc979",0.15978482272476,0.181949716527015,"A",1
"Loc980",0.988833592971787,0.529804455116391,"A",1
